changeId,overrideType,guestId,status,createdDate
$ntrt$:D3D762C2F21A99F7F6F3620BFC64DFC0F5BD5CC4EC9EDACD39EEEF894EF0A27E7097AC39ACABAEF3354BFE5CF2EDD5AB,PII,3145017,Inactive,1648673752716
$ntrt$:463CD876E21079DA7D70153CAA9E96D83CC5913383C31F6340FE84AA3F0E6563A469B6BCB5D3ABFB0611603265A84EA0,PII,63915980,Active,1648673802062
$ntrt$:E537B95C540DB7E9236C5458A7986016D970AB2129E422CEA8B8AD6887431799854ABC39DCAB4837A8F5EA0BB4D7D94F,PII,63915980,Active,1648673802062
$ntrt$:37C5FB6DD635F8779CCC1CA0FBC0B86601FD98FEDD23BD8E7D2F5DEF66C63FFAE4724DDEA5DF288DD4D65E1CB4E5A6BA,PII,63915980,Active,1648673802062
$ntrt$:E2D5FA20681B7B7A3A3BDDD2ABB5EA0040E4B3D9584814C54AF7F622712C9783BF702339656BA785EFD9B9F87357AFDE,PII,8827448,Inactive,1648673885471
$ntrt$:DBEC793982AD77BA8B67345F246FDBEA809B7917E8ADB5B14CE497C2B54B84F77C4EDD9FC3636B7E0769C1C6DB5D9712,PII,8827448,Active,1648673885471
$ntrt$:B981D87B853F5F94A9A26756B4129C2FC918A8860DB571572F8DBEBF2BC6104B5169E65640E0D01091431A845E2109C6,PII,66829240,Active,1648673974476
$ntrt$:352B3339D953245001DB19FFE1B82D63531463D34B689B78311631C4816DE5FAA477A2CA685538E0DFBBFB55FD965404,PII,66829240,Active,1648673974476
$ntrt$:0866F492D845A3DE5A0B03EEF99609B2DAFD716F824B8728C056F45A50CB0F9CAFFED0C649DBA7C2B0A0C815B833C1C7,PII,66829240,Active,1648673974476
$ntrt$:097BEA847D961107395EEB2805B4270ACDF4230B272BC4A5DFCBE1753C2347DD1FBD828D4F27DFDED1528364CB3501CC,PII,33396380,Active,1648674018041
$ntrt$:515F03C6754DC719DCC2D924F4B8EB344CA35CDF3470877EE3C5556CC1FD506D1628EF27820AA5E131BCBABA9867C2CC,PII,33396380,Active,1648674018041
$ntrt$:C0D13959385DF0CA77227AA967283B57C315D522086976D56564AB9976FD4D6E3B4D02BABD20C043FC65D5ACE1BEDEEA,PII,33396380,Active,1648674018041
$ntrt$:67EFA5D5B33B09053579F99B8B6CA297340F57508F132AA5A4B660EDDA51790EE2D1F480204ED4E2FA728C363A6D9303,PII,15275484,Active,1648706855094
$ntrt$:D1B5BF82A5E420976CC5819F0E88EC7E9BA189BBE0A9928CF877FCC82E47DA7477F217893F91393BD12872CB2A1BE569,PII,15275484,Requested,1648706855094
$ntrt$:8D2EC6AC3B52ACA577BE6762CE162D5AE1EF984F61D9967FD158B388CB3B25D7C3F30CD328EBEE26372DED4D7449E5CA,PII,15275484,Active,1648707069147
$ntrt$:F552AE11814B9EAEF43F89E7B4CC7DFDCD94BB6BA8C3D450A895B6FA59B7643C46B72BEA10FC11D832E75D125D2CBF44,PII,11523821,Inactive,1648732230576
$ntrt$:AA23693623742EB6384AC1C2D7EFED0618915D7A036CB9BA35E670678FF56763CD1C0C30DA892D0D1BF83C35724D454D,PII,116419661,Inactive,1648765996185
$ntrt$:80D08668FC274104AEA85D9E9EBD2559E932219542F0598CAA74FCE2F8F3EA91C1DA10AA7DAA96E2F772C1B179D66AAE,PII,23367079,Inactive,1649129394665
$ntrt$:3E0EBE18C4E9DA1D0AE46A394881963DB6773A4CACC213A48AD51E7BF0B6A30781F9705EF3AF22EF73F86AF16A8F3949,PII,12219336,Reversal Requested,1649632415885
$ntrt$:FD645D1579F64CBB8CCB0E88D82D39A535119C8F094E36587652309DEE965938384E9F4ABA701615CDE478D59C019826,PII,143763048,Inactive,1650336615445
$ntrt$:89F03654E8B7F9126191F6637670D2D5AFFA9DBCB9D8A897616F5AFF41D33DD50A949A1D064A9AB4F35C6F06817096E4,PII,116419661,Inactive,1650858667483
$ntrt$:B91CAB7BFED25E44B0B291CFDC0BC5E771ED1300F02142EFB0334289F2C20D3B7881CE37828CD1713CFDE17E0F35C60B,PII,116419661,Inactive,1650859475991
$ntrt$:1A28FCB140D024C98FFBDE6DBB1EF462C43E1807280F09960FE14C5CFAA78C65C0673CC11CA2245374E38FD560C9B918,PII,36139720,Inactive,1655589086162
$ntrt$:638001C559F0E1D17337293A3CB46CE80A6DF33C288E50A93B791AF989D6675C26A882BDCF06BE2F10E1641E05BA1073,PII,1396083,Inactive,1656882524760
$ntrt$:F389155E3BB76B9A38CF2F9D0AA88C874AF515FA9AAB1FC1752620E12C783427B822B3D1112CB82BE9D1C8EBF8A59CDC,PII,1396083,Inactive,1656886655442
$ntrt$:ED4362820A4F28AF8C6F617AE109901C02B59C4F747B7523E5F752CDF1548D7EBD1E0F16995830E709DC4F21B4B40889,PII,1396083,Inactive,1656886655442
$ntrt$:0DC5E9C59B2972799DEAFB40947C7E97E3206C8258D5342C53A3B0820A7638B9C6F80FF5EE692ECCBAAB9A188DB8AD84,PII,1396083,Active,1656954318324
$ntrt$:991EA6F5399F589F5FF249C11C695E4A71DFED2D652E18A2EA176005DE7B1A8D540E224ADC77F8EE5761C2CC4303465E,PII,19585128,Active,1657219796533
$ntrt$:2509B9B192EE316652AE70CBB664B765FE02F2F17BA69F062375FF5CDEB27862DA4D50CDD3DDE8149209061D05793A02,PII,19585128,Active,1657219841949
$ntrt$:9CB9BD8716EC52464632C14268B815FF3C5E99B37DD62E42CAAE20155ABA0F422D452F9D5AFB2A02378BB157EC3AD0BD,PII,116419661,Active,1657229737948
$ntrt$:C297AA6258985308C382953A9590DA2E2B25840511EADDC6BE139D901C01EE629CC58EA99E473DBF71A20C53842C346F,PII,116419661,Reversal Requested,1657229737948
$ntrt$:DE96393167584C0099FB549DF640A891DE3A702D6D178D7F77883870A7815B1B9A40C49262326EB7B7D0D246A0DF68C5,PII,118216447,Active,1666906554640
$ntrt$:ACEC95F963971E88517DCF151D4828ECAAFC8D05CFB2672E3072A140D981CDD8A260A768683D39114D7F9603F96F05E8,PII,118216447,Active,1666906554640
$ntrt$:CB89FDAB1CE64FB02B36B3C3B55532D709F144610FC05BB5FADC45CF97F4579225F5C7F4DFD3B90DFE3B113A7FC002BE,PII,74866198,Active,1668041907141
$ntrt$:231D305E071DD5EB7F443F6196B59AD8CADB6110407F3D8533AE5A16EB90228859E6E71D62C4B9F078EB2BF758128D72,PII,13707544,Active,1673638104485
$ntrt$:884FB5B0E42BAB9EC9D29F11A770BF1A2B9E33CA943BDB40DD418B7764A95FA1447D0A704A439A74687AC40D4BE74F73,PII,13707544,Active,1673638104485
$ntrt$:1A5CFF538753E90F9F40D3F87D4AE83E6D8CA7CAE4CBE22735CF14E32D229FF552BD9E4011538CD4F4E919E683B88221,PII,13707544,Active,1673638104485
$ntrt$:385940075BE80EC743D511511A19C34B3FEFB80CBCC0426FB04B122740049180589AAF1336B29566EBA9E476C15D6C03,PII,13707544,Active,1673638104485
$ntrt$:63EE06AE7BA76F9D36F04261D6C97D41C8ADAA6EAB0DD13E9AC2F6215CA1DACB08CD168615D7DC7788DCD7CF232DF62E,Marketability,48686175,Requested,1648674075435
$ntrt$:79FD384BEE760897E7A9EC8A5DF098DC5DB4C1B92E03EEDDBA2FDC705D4F29BF3F47B89E87E1878070AD98F967E468A9,Marketability,48686175,Inactive,1648674075435
$ntrt$:C6BBDDF895DC5A3C2A8CB4D3CF13D3DB126646537C8EEE2ABE4E6BDC43C1A5308F34D63A0F56D2BE760A40D69424B9FC,Marketability,48686175,Active,1648674075435
$ntrt$:934412A488948042955370F7F0026E61936CC762E6F04B55B81D8010DF5D6F3EA040EEE0A4F6832CC97620F266712314,Marketability,36627967,Active,1648674142341
$ntrt$:0F1FAACB446D60E42C3136B351C32E7B6A6439D912866C63F648A21D7040C4AF6510B6130E210B9A1E4A57AEF5B14437,Marketability,36627967,Active,1648674142341
$ntrt$:38FB63CE424048B22CF4B90553E0567E66EC9EAAF74669BCCF8D22341C49DEAC8ACD4DC69819071E9C336427E3278B1A,Marketability,36627967,Requested,1648674142341
$ntrt$:F4C889DC0865E7F21A446B66CC57E0492B067549C3E7ADD39AB8CAB478CEB80474E0CD844C42DA0151C857535E73B0D4,Marketability,8123456,Requested,1648674184478
$ntrt$:E5AD1F28BFF12F8521A1C7DFA46AA86A31D5321106BCAA06482A28677D29B6DE32AE42A52EFCB1FEFB3F886BEA655DD2,Marketability,8123456,Requested,1648674184478
$ntrt$:D61476DEE2D254E8C247493EC70CE4A79930C56A77FB5B47B767C8E13E4BEF37FF115F1E4C2949AF48E487C4116CAFE1,Marketability,8123456,Requested,1648674184478
$ntrt$:781637860329B43A208E58F55844716ABF8BE829DEECCBFD89FCD9F3C359056344EA55601546AB4C7F795AB0D4A7B815,Marketability,8123456,Requested,1648674184478
$ntrt$:97599DF34CD7C280C792EAC5ADF5A515A8BACEE471DE3EA80B600D7ACE33F041E4D3A34CDB6E3366C2378303E62A8325,Marketability,81234567,Requested,1648674236777
$ntrt$:9CDF2534DB2564C382A9364F1868B626490925138E9FC19E66261F9AD12AFB28D6234C76908B5DFD107B7D0758DE596B,Marketability,81234567,Active,1648674236777
$ntrt$:1D8A76A0282B16EC86421E398A9C23720168FA7A2ABD7CD4C72799AFAADEEAB20F32DF9DA4433552A5A170AE05BA22C4,Marketability,81234567,Active,1648674236777
$ntrt$:6FB58D8BB6C640E0A58DE22E90DED14392CABAD568023FEBCF21EF7AF08FEA81E742E2763E9944A0A116EC6E87CC5B15,Marketability,9123456,Requested,1648674274760
$ntrt$:0B361A0AE1CB6C6F83C98C8B71E01BC2D6C532637B5BF81D787B2FC00E8FD7783E8C5B15A3D09421EB4FE23D04926E73,Marketability,9123456,Active,1648674274760
$ntrt$:E3608AECA6C12F7D2E6CF5A93A929154C06EF7E148ECA76EAD659711BB4684EE76294117A33F23CDA2FFECFD3EC17A25,Marketability,9123456,Active,1648674274760
$ntrt$:041FCA7F858511DFD8333A758B5A09A3E740635A09929DB02F1D98FAEDA37565C20C1632A7FB44AFC85678782FA46BEB,Marketability,91234567,Requested,1648674315305
$ntrt$:793EDF78F7D9351A283E6B56C901EF4A13E2B64085BC3BF86B4738AC9A3A86E57CA9D320373C3A69F5DC7379FFFA86E6,Marketability,91234567,Active,1648674315305
$ntrt$:3FA7AA74E19F8C65B58BD6A6BC124C59450E8A12E157CA3519E76328A037B716EEF0D56F333EB5AC07E9442277167690,Marketability,91234567,Active,1648674315305
$ntrt$:16DB9F8C4DE0E20E2D230B1DE68B79F6B546B9CDFC2BE32253C5EFEEA3596565B09111A832D6A39FA65AC0131EF02D34,Marketability,53444786,Inactive,1649136415705
$ntrt$:46F754D66B6AC7B32E88BB1C7B73C34753030B4EBC3E3B0CCCEAB12B2976339652744781F90147BBC7F69E9ECB18B97F,Marketability,1531921,Active,1649176453425
$ntrt$:8A9D4C55C3A759C26C86C4A3132437CA428A29327C9EEA1B62626048B0CD02ED9B64DE7A42BA9C6725E9C436CD241CB7,Marketability,1531921,Active,1649176525296
$ntrt$:A7C6BADA51A078E1850EA1B94F8EBAB982C05446800CE64BF1738B50F7255F6F2526DA4F139883B9AE645248B11AA7E0,Marketability,23186414,Requested,1649176700886
$ntrt$:28C26AF71DC4A2FD2D59FD61992995F035B01B1EC1C04DEEBFF75BB9121DA60145FAABC8D4CFA460D1FF9B70A0053B37,Marketability,23186414,Active,1649176700886
$ntrt$:677B57D19542AAD36A15E5D9817F3CFE9BCD90A3E1A7B2043AE0CBF0DF2DCDCC68CBAAF8BFE06410E125D3640881AB3B,Marketability,23186414,Active,1649176700886
$ntrt$:3F0D085779FBB65CC97E293311D55D301E9993E3D7B0A9E3367C6D883420C6CA785B073BAF9AEC67D5ACDE206BA8E3C2,Marketability,23186414,Active,1649176700886
$ntrt$:AF4E2B6FDE193B67CF8A067606ABEF7E25867B80BE8CCD424C495D8FAD466171160018B4B0BBF4569120F1D9060E8676,Marketability,23186414,Requested,1649176758530
$ntrt$:E3BB9049CF8D1F73338DA4467EB8A9D0CD2D8A772C035E7AB36C1A50E868A17DE5823B149E35E9CE71D3417ADB82C5D1,Marketability,7211910,Requested,1649176966490
$ntrt$:34C38BA6DFE642CE22F498EA961B9067D935C9CD1E3E383D47E575D5AF4910D30DF7ADC7629F135343DF9DF65A4DB6A2,Marketability,7211910,Active,1649177006465
$ntrt$:1B048EF6C0555F8308E9518B24ECFA6402C5CEE1D7E14212C82F25F682CBCB293C7D5A7288D42A6F67B8932FFA73B050,Marketability,7211910,Requested,1649182239270
$ntrt$:21BF24D825379DC1925098751BEF72C0CE53EC9139132F8FFF6CAF32426E1110FD9DFC2A185E4D5FDA28A51BD6F01454,Marketability,143763048,Inactive,1650337420703
$ntrt$:3879B6795AEC83AE58CE3D6E0F1DD569F68DB3E24B0222F62783980431A282DF960C95582BB4ACEDDF5A47718D3657FF,Marketability,84308459,Reversal Requested,1664220947917
$ntrt$:73C67F82D1B4CB75F7CBB35941C0F679639704473FBA9919A8463E0E73E8D8AD0B8B5D234D299631C092F80188EBAE7D,Marketability,84308459,Reversal Requested,1664220947917
$ntrt$:085F744D496ABAE8A437F5401DF45BF2C5158772B8E2B5766F90EE1543AD10016808DB86A2D6C18769CAB7E1177F1FD6,Marketability,74283050,Requested,1671396842032
$ntrt$:4C3324FB5C6E434D413FD905113802CD8F9D89B6E23EA87EB218807F92D9511A9E834BFDAD4B2527CBBF16B52220A23D,Marketability,74283050,Requested,1671396842032
$ntrt$:481C12D6D8AAE8B2C42D6D7459712BCC7E891733673D84ED421812FD9399CCABB6316B2B1F9E06400C77CEA41ADB7229,Marketability,74283050,Requested,1671396842032
$ntrt$:60FA06D46DC01AB48B85020470010A2D8145283594307495CA2F61B27128E8A78BD5E67EFACB4B46140D04673D78A4C2,PII,55847268,Requested,1674621304460
$ntrt$:DACAED8024FEBB5CCBB1539915B438B5C011516BD95061D75CDF3CC63CB2492BBBEDF797E1729D5B456AB83B8FBB6319,PII,108849899,Active,1674676261670
$ntrt$:C9931493B433DF5755EA184BD4494FAA49E525D50CEA85830BF8ED32881D8872863411A064C34888C59BF98688513310,PII,108849899,Inactive,1674678172180
$ntrt$:898819DF0BBDA527C7F67B5DFBD316F05AC8590A214CC6CCB77CBCDE4BD55858E121AAA5E03299CBDFC44299D8F5C0C8,PII,108849899,Active,1674678353048
$ntrt$:6291014BE967EE8A512F769119ED23344DB78E370BDC71AAFBC86CF77AC858D8A19A585C588EB2015F20645742503E39,PII,55847268,Active,1674685832772
$ntrt$:96E580BC5D015BFFF1E69BA334A1AEEFE5A63A95A0E951E4A51261AD1BA0E803606CAB0E6CA67D79FB58DDEFB0C18C63,PII,108849899,Inactive,1674686676345
$ntrt$:5CD147E7C8E8A1046B3366D0468ACE6452D7C76D5A893ADFFBCE797665DD1796924A753D42BA9986E2859AD8DAD344C4,Marketability,55847268,Inactive,1675033574519
$ntrt$:E8966EAA43B2AF80E13CFAF28700AACE67968271311CA88689FB430058553A4F5426D34AAC98C60E5DC85E12BFA4ECC2,Marketability,55847268,Inactive,1675034004643
$ntrt$:23F1D587987EAC70997E8D2DC8C68E65A6301282ABD1929BF802493BD406E1BAF37B4DB6EF81CD009D8EACB9D1483F09,Marketability,55847268,Active,1675034250478
$ntrt$:453E802D62E7F709F57FB186DD470A0946D1FC9F4F3BDF124ED9430E3A2AF8FAAA5FE81AE39E74D1F94ACB1E9E6DE414,Marketability,108849899,Inactive,1675034777642
$ntrt$:1EAB5C46ACC930ECC10F83289257961231B76A50E02AF0F3FA656AE482CADD7FC2F0B36CB2D3E66BA53F241467E569F9,Marketability,108849899,Inactive,1675035506585
$ntrt$:1A4D78F4FAB816F8E83DC8951087391B69614E006C111ED25CB787261D0118B0BF105329AC59EADF59133FB2F91EDBB7,Marketability,108849899,Active,1675043408401
$ntrt$:5BFCD7B184CA7B31F9841B292F2F6278A866DE3995FBBE364E547E1356E1989A6B57090A89565F7E1F8B97855C40A41A,Marketability,108849899,Active,1675043819244
$ntrt$:AB573F9C6334C24C73049FE69A8BAEDB9F006806D41BA837520430A2FB838F491AC351270E397724EC0980144B37B34B,PII,4786749,Inactive,1675803552529
$ntrt$:6F2AAC881F95315A07EC1584999CF10B2E4427F642D1C4CE3B4D113B82CF92B16A9BCCFAB4D81CC586ADBE7959D6D4E5,PII,55847268,Active,1675824155504
$ntrt$:1F670532AF269E610775D7087F9FCD1C5BD7FB67D8521211A5AE4E51555583BE8CD0A9BEC21088738FDE292CE86DCDC7,Marketability,27209173,Active,1675833801429
$ntrt$:AA17890FFDB77E37387BE84D028AF4790E5A9DC3F02B3465D7FD5A72EC2EE8E3F77F53FDFA741836B17F4580AC7A53A3,PII,55847268,Inactive,1675878489095
$ntrt$:43C4A7402E0C8B9D128C54BD9BEDAC878A9DB2D179839E79927C6BBE67C1D7BDD701D0776F0AE298247C7CB44C613A55,PII,55847268,Inactive,1675880625151
$ntrt$:0AB20D5126A5CE15E9DDD62BC5A7A3359D55B60CD6F839D2BE8BBF01CC9542E5A42D647DC1CFEC053B250473770E7D34,Marketability,55847268,Inactive,1675880760159
$ntrt$:E25282C48F95B5EC32A925835ABB8DB59B04EA530E44AAC4076E887B7A4FCBC2EDDFE5B03CD1642F3CC005A26A647200,PII,91710554,Inactive,1675898043978
$ntrt$:ED27624945020447CAEA95FE0695C050C360DC675F717AC72005CC6F7F2DB9B5C511F43651A9CE1F572F4CB640E74740,PII,91710554,Inactive,1676158248255
$ntrt$:81B79C6A068F871218BD54C044EAC31D65927BA02351036F86FC1950FC3911A2206D1146A5A9000A3FC92287B2AEABAC,Marketability,91710554,Inactive,1676158414606
$ntrt$:AE23C870FD8677A86C75DC4DF37D77AC596C431C477388A37A42F655F2CE1E253C18E6A8A0470C19718BE964102F6F5D,PII,108849899,Active,1677277628645
$ntrt$:190F844E875E654EEE1160D696A8A76215EE6AFE17EC5355666BD70B7629C9ED556CE34F93A0302AD188EB62C6477EDA,PII,108849899,Active,1677306584317
$ntrt$:C518429668735DDC420EC212236CF228251B8753AAEBD383CD7240AC2B5AB7A07E3CE824F3A950E506433B628B4551E2,PII,1000146,Active,1680540973592
$ntrt$:B52CFC82ABC6848F90AF943BB4BE57D41204E994389CD690A7000A0C3E53C9345CB0FB23F5F2AA7708578E954156F39B,PII,23186414,Active,1680541851767
$ntrt$:F4071F6910AB1D61555B4E5E1580F73C86D9BA4D9C22DF5BDBEF5FC5D1D7EFB8A0FC87FEFFA1A5F674A2EFC30E658CE7,PII,23186414,Active,1680541852017
$ntrt$:68266885830579CC4995D748A0521A2F1FEA15A95253B6F466C6DEF52AD4BE334628954BAD85F2F128DD4E79BC094A2B,PII,23186414,Active,1680541852267
$ntrt$:965F4B6F3C6447C53B0DF7EEAD276005554BEA9B3B2C17378D138F29A44FF9EA927F7F7B594117F10E687E84E17F9688,PII,23186414,Active,1680541852517
$ntrt$:C7C438A2DA172D4832D9B1E962E4808BCFB12064FE674CEAB7D45200CC193013EC4E06521A5B864DFD91EF6F47C1F75C,PII,1000146,Active,1683867445579
$ntrt$:AF0BEDCB75457292247A2C91BEC7BFB98146B7460B4AA38F261322EF7545C34B0001FD81C616C4B2185FBB7A69F7AFB9,PII,208435492,Active,1683927906349
$ntrt$:BF70453BFD9772E7D8B953C91D7F256028D5859F15EB13A59B97E34BB99A30447082FC470FAEBE4A84C0E43461D44A62,PII,131683646,Requested,1686091137200
$ntrt$:8E8902012C7E02F87097133A59151C58D35F3637C04D1969CD888943DA278AD450A095815FCF4CAE793906B8B854629B,PII,138770100,Requested,1687499124337
$ntrt$:398FBFC7000E7EEBB81BF219353569B2148DDD7973265FBB746EE6BBB4A69ACC2746A2B1E81AECF574711EECCD47FBAB,PII,55847268,Requested,1687500846643
$ntrt$:180DF1E48E382FC357AC2155BD8ED6B34DE853A76CA7B7BBD157BFC3F9E736057F9B172A27C17888F1C9A743396D1A6F,Marketability,116419661,Active,1687564087762
$ntrt$:22BB2554839B7773E1A7CE13C9C7B52136F995A8963B8E097934DC67F6189B142A240204CEDABD8BC30FF193300A6D56,PII,67288340,Requested,1691096486451
$ntrt$:73F7D623F330E02DA4143775C1650918F5D9EA643A6B2C385EDD30C6A50FC99445CC18AE7417B0002CFF4D7B4092E44B,PII,116419661,Requested,1691113302597
$ntrt$:86D14051C022493FF2A2D0FD14963608C48AFD8C2F1F39A19E412C12FD7E0A6ECCCAB1BDDB59DB927101FD88D298E693,PII,116419661,Active,1691734892423